{
    "name" : "Teljoy Woocommerce Payment Gateway",
    "slug" : "teljoy-woocommerce-payment-gateway",
    "version" : "1.0.3",
    "author"  : "Teljoy",
    "author_uri" : "https://teljoy.co.za",
    "download_url" : "https://github.com/sinappsus-agency/teljoy-woocommerce/raw/main/teljoy-woocommerce-payment-gateway.zip",
    "sections" : {
        "description" : "Use Teljoy as a payment processor for WooCommerce.",
        "changelog": "1.0.2 - Added support for WooCommerce 5.5.2"
    },
    "banners":{
        "low" : "https://krispykremesa.sinappsus.co.za/banner-772x250.png",
        "high" : "https://krispykremesa.sinappsus.co.za/banner-772x250.png"
    }
}